{
    "faces": [33,2,0,1,3,0,1,2,3,33,3,7,6,2,3,4,5,0,33,7,5,4,6,4,6,7,5,33,0,4,5,1,1,7,6,2,33,0,2,6,4,1,0,5,7,33,5,7,3,1,6,4,3,2],
    "normals": [-0.676901,-0.456557,-0.577349,-0.676901,-0.456557,0.577349,-0.456557,0.676901,0.577349,-0.456557,0.676901,-0.577349,0.676901,0.456557,-0.577349,0.456557,-0.676901,-0.577349,0.676901,0.456557,0.577349,0.456557,-0.676901,0.577349],
    "vertices": [-0.16714,0.020343,-0.111938,-0.163324,0.039975,-0.111938,-0.16714,0.020342,-2.10194,-0.163324,0.039975,-2.10194,0.137164,-0.038808,-0.111938,0.14098,-0.019176,-0.111938,0.137164,-0.038808,-2.10194,0.14098,-0.019176,-2.10194],
    "name": "Cube.005Geometry",
    "metadata": {
        "generator": "io_three",
        "type": "Geometry",
        "version": 3,
        "normals": 8,
        "vertices": 8,
        "faces": 6,
        "uvs": 0
    },
    "uvs": []
}